id,name,level,adminSinceDate,inactiveDate,inactiveAccountUser,email,birthDate,sex,countryCode,accountCreation,public,disablePerson,busPassID,busPassValidFrom,busPassValidUntil,salt,password
user01,Olivia Smith,A,2020-03-15,,,olivia.smith@example.com,1985-06-12,F,PRT,2025-10-21 00:00:00,True,True,,,,4377,f73f04f1fc64661c0234051a266cc5dff1e614e891b730cf320f2b1f31853d9c
user02,Liam Johnson,D,,,,liam.johnson@example.com,1992-11-03,M,PRT,2025-10-21 00:00:00,True,False,,,,1586,40312186fee9da7950ceb7b95bbc985da20c2d39e03c8d7d1c413b0a6e8dcfba
user03,Emma Williams,T,,2020-09-17,user03,emma.williams@example.com,1990-04-21,F,PRT,2025-10-21 00:00:00,True,True,,,,5188,cadef8aa5d0545947b5502c6391166ccfc96ca9c7658baeb612b2572a77f1009
user04,Noah Brown,D,,,,noah.brown@example.com,1988-12-14,M,PRT,2025-10-21 00:00:00,True,False,,,,7574,301e223816ce1e4fd5da2fc2936929dcd93d1d0d76c45259354f3d1a8ca672c9
user05,Ava Jones,A,2019-06-02,,,ava.jones@example.com,1982-09-30,F,PRT,2025-10-21 00:00:00,True,True,,,,3064,c31c93593f33010f80696abe1447616eff170b247c037cb5b451e55e411c50c2
user06,Elijah Garcia,T,,,,elijah.garcia@example.com,1995-01-25,M,PRT,2025-10-21 00:00:00,True,False,,,,2250,fda40096c7ea10f4612fc37f85257436f43ad908c27b8adfad2cd02cd9365086
user07,Isabella Martinez,A,2018-11-10,,,isabella.martinez@example.com,1987-07-08,F,PRT,2025-10-21 00:00:00,True,True,,,,3576,7e300eca46a8d2356b77c33a9857fab67b6fb296021cdef09d27f3b1dd7815fa
user08,Lucas Rodriguez,D,,,,,1993-05-17,O,PRT,2025-10-21 00:00:00,True,False,,,,9908,cb4d057f9a476f1ebeb321e8d5f301d6343234fd4a0726c0b1d86e78e88b7229
user09,,T,,,,sophia.lee@example.com,1991-03-12,F,PRT,2025-10-21 00:00:00,True,True,,,,9346,bb1b13b7131463b297153d68372edea07af26db8f3e4cb079b19acb2e829a460
user10,Mason Walker,D,,2019-02-14,user10,mason.walker@example.com,1989-08-02,M,PRT,2025-10-21 00:00:00,True,False,,,,9093,81c24194ef614e0b212e0ea1a67d620f96b95156a19f9dfa948f10b0010780e1
user11,Charlotte Hall,A,2021-01-20,,,,1986-02-19,F,PRT,2025-10-21 00:00:00,True,True,,,,3664,d1635f8587ae486a342a7d5270c92db9d6abff57b65d89133c7821bdf4ef49ae
user12,Ethan Allen,T,,,,,1994-09-05,M,PRT,2025-10-21 00:00:00,True,True,,,,4914,a4c3d5c18c7ad64d3d1431243c28b536a7d86676592ff885370163e065309c91
user13,Mia Young,D,,,,mia.young@example.com,1990-06-22,F,PRT,2025-10-21 00:00:00,True,False,,,,6606,252dd0ae40af18bf0afa438b51df7da90a00c84be3b4a53096807d2fcf451021
user14,Logan Hernandez,T,,2021-03-20,user14,logan.hernandez@example.com,1992-12-11,O,PRT,2025-10-21 00:00:00,True,True,,,,5468,56b4ef9849b8d24e788895202543dd9842b611d27ae4f7c03df08f9074bbae62
user15,Amelia King,A,2017-05-30,,,amelia.king@example.com,1984-04-17,F,PRT,2025-10-21 00:00:00,True,True,,,,7327,6e0f5a0a52571c31de53ee6295b955da32fdb3a78a0fe44697cae0f7c8dd3141
user16,James Wright,D,,,,,1988-10-28,M,PRT,2025-10-21 00:00:00,True,False,,,,1770,97a8c044fc2988ff829dc9da13dfeaeaa02176cf0b0b12d9925c870e1e104d76
user17,Harper Lopez,T,,,,harper.lopez@example.com,1991-01-14,F,PRT,2025-10-21 00:00:00,True,True,,,,8071,fc0b8040b9e1b31dc81eab6b879008c22506a0622482a0e7277fae4f62b3bf63
user18,Benjamin Hill,D,,,,benjamin.hill@example.com,1987-07-05,M,PRT,2025-10-21 00:00:00,True,False,,,,9032,bb91ef341417dbab38de22b85dd8b61781bb503b416da6636c5df3acf75598fb
user19,Evelyn Scott,A,2020-09-15,,,evelyn.scott@example.com,1983-11-09,F,PRT,2025-10-21 00:00:00,True,True,,,,5647,4f5c3fe460acfd33eabcc5fd2cebac886e42573c971557e13fbf6b1b438c218f
user20,Alexander Green,T,,,,alexander.green@example.com,1995-06-30,M,PRT,2025-10-21 00:00:00,True,True,,,,7709,9c49aedce1a1ceea7f599ac3f821435413a8f1a22025970be119538c0eb20020
user21,Abigail Adams,D,,,,abigail.adams@example.com,1990-08-07,F,PRT,2025-10-21 00:00:00,True,False,,,,3845,f32b0c101e6d27e388aac396aa1c732cb433d7aed4bfaa571ad01072bba144d1
user22,Daniel Baker,T,,,,daniel.baker@example.com,1993-11-12,M,PRT,2025-10-21 00:00:00,True,True,,,,8267,13f197be2021aee5da31e86a7580c63db58b8ea05280236588f022c82ea634f9
user23,Emily Gonzalez,A,2016-04-03,,,emily.gonzalez@example.com,1982-03-27,F,PRT,2025-10-21 00:00:00,True,True,,,,3155,a26c2db45fec362157719639b10f5b8eb16fe440eb4dd9da6be6803192036c29
user24,,D,,,,henry.nelson@example.com,1989-05-15,M,PRT,2025-10-21 00:00:00,True,False,,,,7707,4781a9acc9a0cdda5e5051384ef29f3c46dc22338224229902ccb0e756d1112e
user25,Elizabeth Carter,T,,2020-07-08,user01,elizabeth.carter@example.com,1992-02-20,F,PRT,2025-10-21 00:00:00,True,True,,,,1191,10554214a3aa22c2213d7b21ca1b3fd98342a6c44e28aa5099fbd26d45c6a1af
user26,Samuel Mitchell,D,,,,samuel.mitchell@example.com,1988-09-13,M,PRT,2025-10-21 00:00:00,True,False,,,,6737,1f47979b2a15e6130a7ec820970f381a7e05d7396cdb20132f275ea82a148e7f
user27,Sofia Perez,T,,,,,1994-07-25,O,PRT,2025-10-21 00:00:00,True,True,,,,6337,061a49936fc5025f84f22ce237f87cc4d5bbc464e25ed12cf5a20116b9990ef1
user28,David Roberts,A,2019-08-18,,,david.roberts@example.com,1985-12-05,O,PRT,2025-10-21 00:00:00,True,True,,,,1488,63b36fcab3bf05f4b1a464c609d9cc4138b0a10cfab53fa7b8a517ca78a8a3c1
user29,Lily Turner,D,,,,lily.turner@example.com,1990-03-02,O,PRT,2025-10-21 00:00:00,True,False,,,,4477,521700b40cb23d21761d19f6cb4402cc467195774302dd19c32f75eb37531b9e
user30,Joseph Phillips,T,,,,joseph.phillips@example.com,1991-05-09,O,PRT,2025-10-21 00:00:00,True,True,,,,6690,55d0382eb00e43789fbc4869d652381e1e114af226c1ce95b57ba6d603a09e0b
user31,,A,2018-12-07,,,victoria.campbell@example.com,1986-08-23,F,PRT,2025-10-21 00:00:00,True,True,,,,4156,9cace210163edce945254bb1e0508e3d13483a3ca0a09eaf59b014ab698e560f
user32,Matthew Parker,D,,,,matthew.parker@example.com,1989-11-30,M,PRT,2025-10-21 00:00:00,True,False,,,,1591,b7d674d734d942c51fb79e2209e304b33dbfc5a0f00fa4298a86454046bad474
user33,Scarlett Evans,T,,2020-10-17,user01,scarlett.evans@example.com,1993-04-11,F,PRT,2025-10-21 00:00:00,True,True,,,,5520,fa01e086a93e6493185da518558d4b594c93146967609bd41e297c730291f032
user34,Andrew Edwards,D,,,,andrew.edwards@example.com,1987-06-17,M,PRT,2025-10-21 00:00:00,True,False,,,,6216,3fa8b94aaff56daf619179216ab71298ebca88da92f25205f94e8e1e4f032271
user35,Hannah Collins,T,,,,hannah.collins@example.com,1992-09-26,F,PRT,2025-10-21 00:00:00,True,True,,,,8993,562d000ab859be0bec94ce00a3e3ca29346f9831b0ad7f3f02cafc957c85465d
user36,Joshua Stewart,A,2021-02-12,,,,1984-01-08,M,PRT,2025-10-21 00:00:00,True,True,,,,3180,40c86a218d324e2ecfb035034a08430d9df15a1534124dcb78ef82d96ba12fc1
user37,Grace Sanchez,D,,,,,1989-12-21,F,PRT,2025-10-21 00:00:00,True,False,,,,8906,49281231211cb858a216a04d6f0c2e53434740756911a70b30ab60393080e023
user38,,T,,,,anthony.morris@example.com,1995-08-14,M,PRT,2025-10-21 00:00:00,True,True,,,,6945,35a8210f70e3e08705a925acc55d309f2aa207e6ab89e3786e0799c3292de3dc
user39,Avery Rogers,D,,,,avery.rogers@example.com,1990-01-03,F,PRT,2025-10-21 00:00:00,True,False,,,,2081,741252cc4d85265159fa9004841b2fedb93302b424bff18dfac186db68f772a5
user40,Jack Reed,T,,,,jack.reed@example.com,1993-07-19,M,PRT,2025-10-21 00:00:00,True,True,,,,9470,0a2bd2edd9486812953eee1b40bbd88b2f648cd4ca0d765f2648b37834ef65e0
user41,Chloe Cook,A,2017-09-01,,,chloe.cook@example.com,1985-05-12,F,PRT,2025-10-21 00:00:00,True,True,,,,8555,812ec45abd941706549f53cc6c5b531ff450de9143f7d1f89fe84e03fbd2f18c
user42,Ryan Morgan,D,,,,ryan.morgan@example.com,1988-10-10,M,PRT,2025-10-21 00:00:00,True,False,,,,5466,7bcb8c3069b82d75195b304986fc2bd4d2c5f23fa703117faa544faf16d42bd6
user43,Ella Bell,T,,,,ella.bell@example.com,1991-03-08,F,PRT,2025-10-21 00:00:00,True,True,,,,8830,4c7ba8ec7d6d6fd67587a17263fbf6753f17e91858ce3d812d116c482ac407b0
user44,Nathan Murphy,D,,,,nathan.murphy@example.com,1987-09-14,M,PRT,2025-10-21 00:00:00,True,False,,,,1134,66d5c7f09572f2140b0a26b56500b6ce7a738b996e19aeaee96e1daea85d57b0
user45,Victoria Bailey,T,,,,victoria.bailey@example.com,1994-12-27,F,PRT,2025-10-21 00:00:00,True,True,,,,1687,a4395db5862476a7f996e97b570eb1552dbf4879992737a8106fa99b90ddacf1
user46,Samuel Rivera,A,2019-11-21,,,samuel.rivera@example.com,1983-08-03,M,PRT,2025-10-21 00:00:00,True,True,,,,7305,a887137bf9cad7d48655c3e4ef56474a712940efa323ca68ec7903133f533d07
user47,Nora Cooper,D,,,,nora.cooper@example.com,1990-05-16,F,PRT,2025-10-21 00:00:00,True,False,,,,6256,301de3124721a824303cffae9758984d763f50a64d5d7a628c3566805354ca20
user48,Henry Richardson,T,,,,henry.richardson@example.com,1992-11-05,M,PRT,2025-10-21 00:00:00,True,True,,,,4109,f1a1fd4eb08c852776f97ee89cf1ceae1980adbf1abc7026f0c0d8651821dfc0
user49,Addison Cox,A,2020-06-29,,,addison.cox@example.com,1984-02-22,F,PRT,2025-10-21 00:00:00,True,True,,,,7389,c4c7e1574adaed55cf2ee583b92faae26eda8db0dc8af94845654ed936e28cef
user50,Leo Howard,D,,,,leo.howard@example.com,1989-03-09,M,PRT,2025-10-21 00:00:00,True,False,,,,9652,2b207a7c87573c0ab606473b4bc5b226a15d57ba2ecac02e3a36f7f12dbb007b